0.33628739285031606,-0.009209483905028293,0.13912334718247665,0.13299625951175997,0.21361752808382461
0.12296565056789932,0.2574001106573991,0.23886715564654737,0.3217674474161637,0.06106600575498855
0.3034452768948176,0.438252423192806,0.21581448051901897,0.3455905036344781,0.2778766192824291
0.37128947184082683,0.6799636003266164,0.3836482166363132,0.4461002067503237,0.5694102093164606
0.5247528983977591,0.39895656701911997,0.22666685345246718,0.5880173109531579,0.1403362992056556
0.4499165971587862,0.4449977075974395,0.2553443512139413,0.4608542955445676,0.5471830422233707
0.6100106322880363,0.5066460257364619,0.6486542496512261,0.87553018429148,0.8249204431873318
0.994712154587803,0.6615244656673958,0.8807385939529944,0.844907136362969,0.6246024429708957
0.9992669712760074,1.2026709402675049,0.9741197506743091,0.7629048483517078,1.1453940381493488
1.0834310615454223,1.4940115662790932,1.1470194190805876,1.30003420935447,1.243336231519006
1.628648989371055,1.392559935881373,1.4543628780739715,1.58782463391881,1.5960953489301044
1.6160509885634904,1.7118375191212254,1.661785589924378,1.7655612909465166,1.5458510333592828
1.9018768349775308,1.676142731866603,1.8010897071297258,1.8655414631587088,2.0079460677157464
2.1198460861918256,2.0466191897234554,2.09404019785537,2.1985106806450254,2.1364550646932465
1.9009255769519264,2.2025997026688175,2.185324273531759,2.2410225767508756,2.2544677401314916
2.251762675260628,2.4295333251679416,2.2221459185509183,2.316676397467047,2.154352624126397
2.4206477199296677,2.686413882252764,2.716431046242401,2.7172235464899206,2.59894393898883
2.7263554420209366,2.65581027930019,2.611632449797137,2.6890562274935332,2.482042921258386
2.7510879951395304,2.960523126513963,2.707319083927221,2.938442201950066,3.007696097828087
2.747186931712975,3.055712092171942,2.886715589529783,2.837741347111095,2.9397980972009834
2.576712749233171,2.74373784451525,2.901225160942868,2.754597266999406,2.692322890918697
2.8868433504084647,2.4576013207366456,2.706490232200496,2.888247939329533,2.693689691624465
2.8460543090859756,2.646620667722404,2.8813107258818054,2.7532717681360035,2.8539049852965395
2.7226638782338215,2.8300113255211574,2.9313162404252004,2.8173849141583833,2.852883038694195
2.748370642940846,2.7394008541557073,2.809505916718196,2.8591135356816366,2.5255836397922486
2.66334268032469,2.6091284869551687,2.7479632623712784,2.5963700503851292,2.743578697702243
2.65671725784911,2.632015107570576,2.6618728107829455,2.7367698964335245,2.5762995887702393
2.2670394389002095,2.409587308108654,2.1536437382903313,2.5604892373454486,2.431495459940556
2.4759732616211254,2.5043773074364033,2.2441592813629057,2.1613993121153334,2.3904066681013347
2.273215675778503,1.9577684024787099,1.9258722011965992,2.183160727492722,2.121605024673983
1.6501869786649803,1.542530877366676,1.5850684779693693,1.7644793651748556,1.6064301504996652
1.5248269933493468,1.5315996163537207,1.6659047596970376,1.4959788199217021,1.623142104087694
1.0670826206712567,1.2358844827350908,1.1749539890372538,1.172703160050914,1.1087850804365953
0.9495027127792686,0.8650424284215921,0.7695201095913529,0.9642718717285659,0.8740920681370685
0.6589688916749705,0.6049788442633602,0.628517654030219,0.6150209911839473,0.5590514641026383
0.735641912951049,0.5773032287252772,0.5292597397716088,0.6693609299471694,0.5430075954385729
0.7450275841400746,0.5080958026116447,0.5630079380840924,0.5084328943744671,0.5603069632459772
0.8397457094025937,0.791084244500524,0.6917010810953873,0.5739861266851035,0.3302735290595725
0.476972086077212,0.39984017459366417,0.3897131088316844,0.3228936610704978,0.6311850782358095
0.5060263536937474,0.5242992862554577,0.43381252156606986,0.9482146948914756,0.6606260817451904
0.7568591112687237,0.46890441412311523,0.672426966621248,0.47593058594840465,0.7009184102321807
0.47325472255456325,0.8578840572984185,0.2983952436686089,0.6005571967560734,0.4353972180676363
0.38774111571643843,0.4651220969298835,0.44939390534016577,0.5937013376255929,0.3668903977570621
0.4453474108407438,0.6066053813365097,0.4262854241195648,0.5264873042459361,0.4295585590854897
0.5170718797195142,0.2864520753338262,0.40250142119294197,0.5492022289231407,0.43619632131588804
0.4796142566315129,0.5564920135030855,0.33671920741986916,0.38305681382756396,0.4035840855004388
0.7601658413316896,0.3238219888178666,0.3669311683157558,0.6283952816340796,0.42942360906260135
0.4700056161748454,0.16809763142496648,0.3401711318181624,0.5486247986702308,0.28969072366992
0.248555280209368,0.11174047748439331,0.444936834040188,0.46162407353243917,0.20056798910433615
0.41508796728138786,0.3331545362534595,0.5533724763994403,0.1528328772875489,0.5065752922100261
0.4516387308150829,0.2589853740234982,0.24951633018597486,0.2512809222337251,0.4088938640442129
0.18488248757150805,0.3493783886910353,0.31862639324463504,0.360670169328014,0.1443631574936386
0.4208157719219845,0.25257462632282235,0.3334684502180456,0.13424149499767157,0.3885338591957683
0.44960955786927626,0.49383156907234504,0.4569307028122779,0.5395137790957416,0.24129670341468779
0.3123345891148318,0.18027282404061862,0.38811670244572605,0.25565544847609223,0.4951043223977981
0.44716921071138127,0.5649416047881362,0.42166047475728063,0.393863151617445,0.3912540050929598
-0.1307040119727485,0.6238961068178822,0.49106786785654355,0.21342714078223413,0.28576613357344693
0.49597394864916444,0.47060792634836723,0.6069287056313301,0.5675834451403876,0.7529587218334985
0.6866167177011377,0.883255859863699,0.6351262986992551,0.7765780358098752,0.6576668781465607
1.1315773047862034,1.202990207370302,0.713136169228123,0.9518989544529288,1.0429076270009785
1.1445277057764223,0.9984483912583544,1.2675590372378422,1.0885723347275853,0.9103486441726875
1.3028390032020059,1.635388465493936,1.2773705559286967,1.2929342501442833,1.2542412420640174
1.6386849173744524,1.5989373975292471,1.6569465922454278,1.623233953236542,1.5799323429128298
1.6487948371908,1.883647521496771,1.6533507559441856,1.6928630335047465,1.855391247998377
1.80817980395667,2.182078380141818,1.9429637488474727,2.025121155764981,1.8469505141614004
2.0210035194219076,2.0762872503844023,2.047161999456426,2.2308307481054896,2.211148174335017
2.3975460011188003,2.109970780162967,2.1130289706499363,2.3473061321375495,2.508711482718427
2.4406865083727594,2.1837701734878574,2.4359989898044523,2.3277622804642197,2.5066633944233168
2.6115934382822656,2.7498622317953183,2.3089319701823214,2.6303246030207954,2.263188991948255
2.9867523108256266,2.6962781412522325,2.79431183381322,2.575779029910744,2.9577382672012025
2.7598772875167796,2.700917427250998,2.8781141996036217,2.5941027401403502,2.7693852207786813
2.592830008383305,2.770622994775109,2.596429619253935,2.5003457582236512,2.9441748607737246
2.8658335669094646,2.7253449754934094,2.9577999959840255,2.858456243160087,2.8656200253739725
2.940233125655007,2.8842080288983922,2.865161299454593,2.489392192673659,3.0287255033155693
2.71208539499,2.6289601308030086,2.8531177428840895,2.765481224567577,2.7816611069203354
2.5885256954564473,2.5906362667351477,2.76084476557789,2.5204009274075236,2.8408692639793474
3.0183720687853466,2.765343718505067,2.3236869022425433,2.6521735421604915,2.6490829847208794
2.33203684229778,2.642727996706804,2.587111593658922,2.5469976936550776,2.364052141167508
2.2853872468622844,2.550551368191366,2.315795785100208,2.6100360981548234,2.3693378314113422
2.3925046244221218,2.376393837832672,2.1187460557891233,2.372776854413994,2.55093649540218
2.333982121439766,2.3295298588888915,2.2049687279984367,2.020298390216058,2.1050969875876677
1.7164322068783666,1.5831556276619105,1.803843270338447,1.9303793847411632,2.0180717622596482
1.7938444068417352,1.7923286841745925,1.641244077403146,1.484056668482138,1.4578513741360009
1.369925762374447,1.6592775557873365,1.4745440436392119,1.3355242114908594,1.5479342983749476
0.9595453901495289,0.974816482722776,1.1223834694486956,1.3886409011932743,1.0384680936075008
0.8273650859793737,0.8757293342235367,0.8568875598601661,0.7935543244185875,0.9377811517843573
0.8701167209720001,0.65799790013176,0.8103498148406051,0.7097476142519782,0.8177239793305151
0.7195320410112587,0.849034427330188,0.750620103964055,0.7126009945039687,0.40450298879078905
0.5849787808537147,0.5842805954720455,0.6022462454024716,0.6481484954446247,0.4665402480378621
0.6229102427357229,0.4684765522367228,0.7369150253872787,0.638234427591422,0.65692848206237
0.7889332165253989,0.6312525173025985,0.5851252109415986,0.6537994288276224,0.5919019977222404
0.5751044088692387,0.1899994565827654,0.49859060679933576,0.549220455785578,0.4504795357518817
0.4676778327063297,0.5360656191682703,0.6824250964040761,0.6549139275050218,0.7236977400989777
0.7330974864572091,0.25267129228882435,0.5893262369018482,0.4903054642857688,0.3419243465650166
0.5863769972044374,0.760661855666485,0.5655583945196072,0.5569824542467665,0.6409785374494044
0.3533615184112684,0.37931441593572834,0.4015942351647047,0.8996267853307324,0.3010620764082117
0.3971381674894625,0.420137285196464,0.13844678529126697,0.37921608323368905,0.46909389329504514
0.28658549628491214,0.48126793311941707,0.5704435257920678,0.7250302679346713,0.28091809790847333
0.3801228859516864,0.5149519330512273,0.3720789057275917,0.3364791164638594,0.3202181723376397
0.44502974325522104,0.2495263755951107,0.42633074480393685,0.43788600941593636,0.43051454520927834
0.2888522209096951,0.44265811449032333,0.4578100967965194,0.2936150077117454,0.6256877843686565
0.4535577550209111,0.20176661773896853,0.28712894477901085,0.27039463607360315,0.18046662723027462
0.4553493125341306,0.2615029363204111,0.3211434787900843,0.46132100097815487,0.7146426237771332
0.2853624324644912,0.5069302268986157,0.4215465877586836,0.19630256568558724,0.34495992340384307
0.04226606880006467,0.48996418424163524,0.14387596913547673,0.2992050379359429,0.4124050768857196
0.569509013941872,0.6119758948613884,0.23019374518082625,0.39405822555120606,0.1889644774785919
0.4661429145610343,0.5919880009775133,0.5039925463575944,0.2199559581394399,0.43910925501700104
0.31732544358596626,0.3729164100396176,0.5353406219914069,0.2502636312955162,0.5091609159282519
0.3853108264457904,0.4883596673084293,0.5743622045818197,0.40109033075981704,0.4250569091061438
0.5653484219483861,0.6315854628356277,0.3006740710899366,0.6045739006394567,0.5041316531940393
1.028302572506197,0.7205572308089323,0.6500934787798452,0.7823774375078872,0.8008669429874176
1.085284649052527,0.8894630952275357,0.6538511312708724,0.9125226549119871,0.8750161208874803
1.2511781821771861,1.3035725354857175,1.3562450354081967,1.054354688965849,1.316030640819986
1.4514795492800376,1.3883018434591956,1.2942302976151516,1.3723374360945837,1.3702113930142317
1.5180310293838788,1.593831001959266,1.3485027292566067,1.7658868737807967,1.5441155031739688
1.9691671195492115,1.9357016098267252,1.924988292749707,1.7153650666625653,1.9494886610332376
1.7982841384014392,1.8125762340447693,1.9769669145065385,1.9608724532267956,1.9263130423399195
2.24133831687914,1.961588110843814,2.43184531751814,2.0893657152543517,2.180407233290435
2.2035971545203874,2.3552848693866935,2.228421464902535,2.2193355057448803,2.2942104153561536
2.4266868631248024,2.674080056689804,2.2587904148116316,2.4427189996644625,2.3848295950339073
2.3904569366769213,2.391395066063912,2.4608941231227632,2.7601049207891424,2.805484764370091
2.717726284352106,2.6335976024414447,2.6995070888002495,2.7931541724683253,2.6640977422278738
2.57857109043295,2.9602851457533674,2.753211433139578,2.899800047207167,2.7690630842379678
2.736971113584822,2.6353400954270834,2.746576931041049,2.45586834015962,2.919306985531794
2.7803576950391395,2.795841219064396,2.5954256046217,2.640828434227256,2.523157950366235
3.008285497248948,2.7642474837392443,2.8551314674661734,2.675949616618843,2.832303924801529
2.9097229753385565,2.5600308880058105,2.9095675267463115,2.6146218450219063,2.814535496567159
3.041411290339115,2.7152964096576238,2.9576318349358024,2.3737448615847327,2.5191909155849226
2.498967626942302,2.634299384850687,2.8343979802667194,2.718788306586797,2.8904763159715268
2.7838993900764546,2.6009822269806784,2.83059912225216,2.544540980870022,2.570522993002637
2.3831702961174797,2.418717434846135,2.630194371551111,2.2970438347276887,2.3488347977773127
2.4597338221221654,2.4592908666911018,2.263155311748689,2.1765292919288814,2.140543962584574
2.100805238938355,2.0902901781016032,1.9917643263527247,2.2602449740280663,2.1060247691119063
1.6333609135735097,1.864885300460191,1.8498849610794372,2.2512549604430077,2.0633682939836078
1.6696868450857802,1.9458482197368234,1.47059736945278,1.8386892387747569,1.6074120559157994
1.164172568252121,1.3735992313725116,1.4214371008517306,1.1449562458199742,1.449467771531015
1.178597336583987,0.9669242846716167,1.1879391143779126,1.087977135488529,1.0922745241377827
0.9260436030072217,0.9449289246000597,0.8927402656923349,0.8249928892159488,0.6773801953522924
0.6418958307056162,0.6960090736464702,0.5289468596496727,0.6191444339283027,0.6398641649794856
0.6601689501838087,0.49494019718199533,0.6250410371047185,0.5848328692987202,0.6064687177898351
0.6560016730095659,0.6837049378143982,0.5096054407657049,0.709466604495946,0.19755570849049064
0.4348203556690231,0.7087940072336828,0.7040428996454261,0.5876424065764346,0.7051182348957213
0.4170670239851103,0.6689114070632249,0.546548274068782,0.6551409499148959,0.436530868491413
0.68615405268676,0.66551309939413,0.6049406902625447,0.5362030085106405,0.6892635898701919
0.6444334473022357,0.5367330917687602,0.4592585770534051,0.22504649208182537,0.6647320589435712
0.5737009050859251,0.40624925347493124,0.5899442540012044,0.622986751280539,0.7729170905088508
0.45687631225206016,0.6392486211541271,0.565274866580432,0.41499243851087075,0.6689126514928732
0.5751135109535441,0.4405041828170714,0.4658528487444986,0.517065763208656,0.4933992325062426
0.41798417506965957,0.27113724491038105,0.4696496090555131,0.49212931743599087,0.3491775061531488
0.25943748881561546,0.3278821794675558,0.2516331298108734,0.5170738860834333,0.5394548321600843
0.3450962267798101,0.29223165124359207,0.4553361769135613,0.6279144467876325,0.26577151042346636
0.2151579208774208,0.25511514317574147,0.28399322606039523,0.3977147301707048,0.44152252935703573
0.43684363909788515,0.32040259804949733,0.3616615534086174,0.5227636103522082,0.32711675507999904
0.4260309484674917,0.5201188073305527,0.3437948921822064,0.3540210587484527,0.3323658893532543
0.35519675817302143,0.029682300574998655,0.3392212942209506,0.47103336054819733,0.3172706965102061
0.6254648442080597,0.5433453183661981,0.23890354336775288,0.5197873427300762,0.397947388398011
0.40069041250896975,0.43456981301425546,0.15209466731693166,0.3163939426456073,0.3046805285622374
0.44402074404161307,0.4022803093490216,0.5094562668848225,0.2627641417928377,0.5575046160799022
0.6542348310961607,0.3717840725930617,0.3187624881151384,0.529930413289082,0.6033113652139653
0.49975313667742405,0.6355295056268686,0.39531211366240526,0.6611312199168664,0.4837948364308643
0.396289759639875,0.2977903468420724,0.37239035647889007,0.3130976115966245,0.39270169385512743
0.625072778459279,0.5254628266839452,0.7135207116403335,0.8297763321511746,0.4320655570967774
0.7409642738722626,0.9080977380518978,1.0524199056733008,0.5062936241266945,0.5990169990886871
0.7406593025352053,1.034826510508184,0.8630706542359621,0.920319323957068,0.8696008553940322
1.1147730336476125,1.0760415715771452,1.0809254042113818,1.0854812940063965,1.0319469648396506
1.6140962938880279,1.3952748649851703,1.3947171737789532,1.5958770919287044,1.350588069233122
1.8556807633950863,1.5846574338342683,1.4962905358106229,1.5293410710724007,1.6591750302242367
1.548408835132756,1.7993873917866492,1.7342963307579213,1.8071235008387176,1.8665235350385054
2.0157793661086187,1.9576496246658186,1.9643937489836347,1.6967153891175346,1.8176062058182034
1.9993735226211915,2.214449725733772,2.290325593376179,2.111310680971171,1.8553604378487647
2.2954702742701176,2.12132589262698,2.2802637091770137,2.3435076066619773,2.3591397482808523
2.26233165830591,2.2110618163840257,2.2529726298988115,2.658019307790566,2.522371744317768
2.6525678942536697,2.645871671952228,2.41487550443801,2.832179376409486,2.578010837743312
2.962599421136078,2.644336899236298,2.585529876231588,2.7668125849315706,2.5790931677818207
2.780743471295237,2.864223335579045,2.635462371461852,2.8499639499956384,2.726144498288183
2.98199343247195,2.8261516460714864,3.1590374840820115,2.644646975863812,2.9666775410464927
2.720078501685907,2.7807622069269207,2.6583398597467975,2.6263070765600363,2.9670877115969994
2.790350352168491,2.816492377729956,2.761007125634737,2.79163037646513,2.8503623413317447
2.8290304672263984,2.8067902994313263,2.7069068489970904,2.885712186436443,2.8590487295663682
2.831060522972792,2.645523410174534,2.3445694552137595,3.0253497762288575,2.770296528116523
2.8152004586755037,2.7478506260420463,2.6586359992661315,2.8441138522410974,2.871495667024682
2.4628163193940296,2.7219759423661802,2.7434628434638544,2.5095682234219834,2.439911278604539
2.2755583442420466,2.5737228461083785,2.5625343918833776,2.331376799465003,2.3908138155026086
2.560971713753717,2.383139354276457,2.390677650893747,2.3764524602784336,2.385596637446527
2.3307092519893082,2.0013041144307913,2.3264854193477205,2.3545686884562933,2.3872444510834385
1.9568115877326124,2.0928721660160168,1.9664397194163126,2.045940475756632,1.980982093116031
1.6799088798001285,1.63190510980212,1.9644636081254028,1.6810572559717027,1.539098517429677
1.349383066392519,1.4271294624205766,1.4492930808914786,1.3861587820722807,1.630168326404634
1.3015150587724316,1.0523593830599731,0.9988106336094738,1.2633105288971724,1.1412153134809333
1.025532982260993,0.8051756924805749,0.83865056031476,0.9190591896519382,0.8169260679450346
0.7014657336550175,0.8286152386284333,0.6467718287228472,0.7438020981829141,0.7592262083244986
0.7572680318278586,0.633660583135896,0.6605307901596015,0.7527278868408563,0.7854059779445809
0.6287789692771297,0.4745995822554683,0.608071279577899,0.6488906363975202,0.7691465986645236
0.6008588011589295,0.5054282922900639,0.7233303784193765,0.6748493717120263,0.5567603113868516
0.6903074223442748,0.6057710436619298,0.4104981835981173,0.40764499431420587,0.7388150673490415
0.6864594458169807,0.5858141471411505,0.7656013486188241,0.543657494203772,0.6479780093988833
0.6926671509211431,0.4472631795088572,0.6399587710018984,0.5687676591723696,0.43518450199521386
0.44527742671759196,0.4989538625908515,0.5435457551007898,0.45786784699488914,0.4903867129930415
0.7305021357660979,0.620737368897228,0.45333922371458724,0.7770524256490816,0.5396326001571613
0.5201476702081639,0.5955570934045057,0.3572940462600982,0.2898364499241153,0.441264636073771
0.4204927492330621,0.5624674134686762,0.7895268208171335,0.35401074831176893,0.46374822167104546
0.4535274438589044,0.4347907021837364,0.5609835550495677,0.4747221246307446,0.4273382846136221
0.7453683151261978,0.451817134873974,0.259878781100362,0.48077571583654566,0.6804016386154039
0.297096842131952,0.29527438101217296,0.4367943091391102,0.2755057000322205,0.23736273220159743
0.3776315513048648,0.1448035835521302,0.38545489077964024,0.3500105159098734,0.3221977808259737
0.26731196370168164,0.32598623799597437,0.2662935187286075,0.5170483110777403,0.32313470790458865
0.21328836179460153,0.6180678029387566,0.15148939545116202,0.4339105254945651,0.30626593222835863
0.45850145944681875,0.285775516822665,0.3484250941287842,0.17107356484126313,0.12384911017591804
0.4803293335379718,0.3147163486290725,0.2665756926576608,0.5087218989783165,0.3507791804216429
0.6370809466822676,0.4716027916806105,0.11823101454828966,0.42335569373029835,0.5386023644627392
0.46568754346759345,0.47483439086139456,0.4291131483327145,0.47622199523122344,0.5628003729767995
0.41948287875278345,0.2857712649123427,0.42587457583264976,0.5120994123316179,0.4197946995819569
0.5023976709282377,0.28308405030886075,0.6905040758566815,0.46422709400598694,0.4576477588917647
0.5217521311633004,0.687690297465395,0.7156217441846183,0.7637638326367795,0.5385242617872525
0.835810430941871,0.6548812211257254,0.6850681532281954,0.9433879905534794,0.8610046952902427
0.9411728503705754,0.8177472902951404,0.5150569808313984,0.830898486573259,1.0131366611107677
1.1222818052168368,1.095068835569497,1.1884149102198998,1.1462971417941084,1.228193914811002
1.5647503088669152,1.1189945049779702,1.3932844535198805,1.2432684623965555,1.4313024695507257
1.6824437996886803,1.418984073669569,1.4770454122375485,1.4661965263343237,1.4051941913610548
1.6612043780032657,1.834081341230052,1.7018903665257872,1.5995716513886824,1.77568278823325
1.9354046116567942,1.6962354073887989,2.2025958513949746,2.0475599951617207,1.8915637274676111
2.095442801001967,1.8844571592992942,1.9014327991783118,2.0600310480867976,1.8493823339418287
2.1618077072838795,2.481744347345587,2.2451593770145513,1.9889312198638371,2.215425775695383
2.5310672729642687,2.5669616465935183,2.6143230657897694,2.6340527642125933,2.4094422788603334
2.6652911632800547,2.3011457094110694,2.4537475529225206,2.955555517140558,2.7101653198868165
2.469096198026669,2.6840335214743436,2.459460381505054,2.5913786440637434,2.532447490800479
2.7970861653082855,2.7256452285793022,2.676651891339737,2.941919642367952,2.697279700378701
2.7100601436451037,2.4168210612754235,2.796676973975976,2.8008623421745376,2.9203678544153333
2.79395599042937,2.794870779542955,2.706974167269421,2.705658563243028,2.8563169243390427
2.7440488419592204,2.8761134810843156,2.835003144664432,2.6209567197976638,2.8840871561229164
2.711013814550972,2.8595591455473546,2.745430633312443,2.747384861656313,2.800271889093125
2.783275855155166,2.657435798758507,2.8286991517846594,2.7825483767658934,2.6723635370717487
2.962187353485184,2.488777927420702,2.78751391861256,2.5606186528723454,2.717353642641395
2.6056385773780173,2.6634086095928104,2.7319866051747947,2.4447135779966587,2.4187351129291628
2.3506681417356172,2.424672538606213,2.4984967132405846,2.8550046514875005,2.6558829277563722
2.37937360916228,2.5462166738017347,2.276757922294784,2.1898460689403283,2.2710567581071217
1.9758594189458059,2.2229701164878604,2.1562623989692513,2.3940283396413404,1.917770765103894
1.9900469567773973,1.7662457671492469,1.9834348237885588,1.7581483680317371,2.0317008706380455
1.6092088096483312,1.7038080366286614,1.646830160870162,1.6034905750491708,1.5428592068908382
1.5130905411672204,1.4045653839302774,1.2027185193834857,1.4240028964312292,1.4257351384973724
1.3085615183095884,1.2042314733290644,1.1681488852649726,1.2409700889961262,1.0583724468729085
0.8576486857431477,0.8524832582570154,0.5428955379367781,0.7916127562168037,0.6898219256017517
0.7553451851875698,0.49239455056340364,0.7136926657446897,0.871707101309519,0.7714217116424503
0.8714996095654834,0.8192349774091691,0.49837355603633005,0.41092713619537236,0.4878775817883152
0.6748721343079678,0.6386675796420884,0.7248032232529419,0.6221340145755309,0.5945558796192137
0.5615794690392355,0.7907605198504765,0.592671497548032,0.7517559576746722,0.7617541784209597
0.45988006248224056,0.5238531494740803,0.5238822468399771,0.7442821750955156,0.5810499426973924
0.21402255549363414,0.5131390848934455,0.892667914852485,0.7076664468581229,0.4543818928771174
0.5471186162292678,0.5364546840403887,0.42889443132623895,0.3167316238571769,0.5127603877248074
0.7406066737474765,0.38142268961376125,0.719617531095563,0.4846605024822902,0.47280378392791755
0.8134837388926395,0.5812813865078851,0.6094437899230885,0.7109025562738939,0.5505062622741479
0.39421917020045616,0.413916700469657,0.5166485104942955,0.6030941755326238,0.480699882360201
0.6566811040456563,0.623196135437722,0.6029991158554927,0.48160586470211597,0.5717508011413877
0.4737348490637675,0.379580963433539,0.599357008594489,0.7251639201053879,0.5124530867762196
0.38000935942181846,0.22824660444019118,0.341921790573269,0.6780056432004467,0.49131219279753247
0.3767308025344438,0.4843006961522519,0.6099939974682839,0.3563257216956075,0.49981050397233673
0.2815456321111467,0.42128917403975386,0.7293507263531458,0.20279562732251155,0.15272927631492816
0.34817229603648014,0.20445716111357237,0.520530176520279,0.3833365774747586,0.4737706785629965
0.1355545462589267,0.5664954772533702,0.37592169371849327,0.1532043700351553,0.5133470185138481
0.34803224928884935,0.4554899948628296,0.11224022601445593,0.21688034834386238,0.13598287963551448
0.38582203753677013,0.2253031286025977,0.3539926503641255,0.4182055078678878,0.32830842366008295
0.1526890164973067,0.5238632279489303,0.4342997703800021,0.15849432827937937,0.2541627727300091
0.3810243267568163,0.2830981246046671,0.42000857911097356,0.6253835564110743,0.5207928073239334
0.4526379102260363,0.27422858415212636,0.48780102152619975,0.48989321472218594,0.5273922114871411
0.36282723518112525,0.7644270746169005,0.6866077656695317,0.6143499040613756,0.5657758564144479
0.9593069166500021,0.6668188017024869,0.7634794884578948,0.7096239539516962,0.4070833668163131
0.8884580430371809,0.8315388668394823,0.7354284813539053,0.7268608008451587,0.6842402561426694
0.9783538807646637,1.0751025568325567,0.8354975185442035,1.2591252695338753,1.0158761886574348
1.3725408898773372,0.9430511036960088,1.0234685718828282,1.2228637425445752,1.362167192329973
1.4836976598811207,1.5715584311100477,1.713188708213594,1.246316628588497,1.5352652455154732
1.7031055757766758,1.4165878589086958,1.8039424892554763,1.4021261919012493,1.5863006572535343
1.4423756133601886,1.6878110958931514,1.6644058504731183,1.7492564170293703,1.6621406651451038
1.821495120261999,1.8915404558806372,1.9843618838233683,1.7553926613002735,1.965296283343561
2.278586131768425,2.0708625467897255,2.1223205753011163,2.0939209337679063,2.0215891766305374
2.3182552094504745,2.325138585787494,2.610247383511213,2.449117931515981,2.046783939269084
2.1263314207659434,2.3681310574497187,2.398491340336844,2.3429064838901583,2.6531995974103246
2.337429213363205,2.639201876887229,2.600254706357914,2.610957750361915,2.6796304847435217
2.6240201669534056,2.7327339480502433,2.712908844399696,2.5947333911707293,2.5045493019274803
2.6441877652426897,2.824247051151164,2.9608468933900483,2.7270584950048913,2.9318073142734655
2.919481923122798,2.8038342002399803,2.894385315186546,2.6238762184154676,2.489077761678021
2.93886237382843,2.8793334863388838,2.7344960118824426,3.023631837501403,2.8538870909698644
2.563523174461963,2.7679479054864267,2.679814257544912,2.973269152540176,2.7662829030342095
2.8666675671419846,2.3863692647296304,2.7105215185400287,2.835598353515018,2.9518600423406216
2.725634186068396,2.767914063244068,3.059986868524616,2.7536943089171158,2.680887785402113
2.729328484680737,2.8781922371608877,2.7792937272370715,2.580875063650489,2.511428183039622
2.9899573072854784,2.832178235439366,2.4765175424225063,2.773619295227779,2.585503460335687
2.4272901100633324,2.3548200454600448,2.3963787358144946,2.770144177420768,2.6538750994578795
2.6537850199346624,2.265555746953029,2.183283032746702,2.3721960114412095,2.150959693068682
2.102194352667845,2.1222777771064925,2.4133059899156066,2.1209605647962415,2.157117893200838
1.921147096981335,2.024804836939184,1.741717426438596,1.6891817197037788,1.970010228801185
1.6898530927262088,1.5522380041562025,1.6555710146058331,1.4953790061413423,1.5806038611076016
1.3809360280390277,1.4500773995320162,1.317656516599468,1.4433895941577728,1.4518657785036302
1.2012059486662479,1.0713778451381768,0.8957215694005753,0.9437236009343959,1.125179601328663
0.7455592271697847,0.6702508888049571,1.0539573892616825,0.8963366040019005,0.9744416365615902
0.6738198781637492,0.5467506302962057,0.6880962499620973,0.6888775030355713,0.5690403520771394
0.667931964422596,0.7419486501723541,0.5327515201571593,0.6276387472277981,0.7232267537761795
0.4443835921843927,0.594751990606909,0.7636938942154213,0.33891000140275707,1.0895296909557408
0.5265942933338811,0.7731052425537236,0.22994257623986591,0.6867579854142807,0.577199269288029
0.2021993326582081,0.3788436371943713,0.541597030638336,0.3295979842620075,0.41061613971663957
0.5833516343408444,0.7307656000338375,0.6245499378578943,0.5237381013048555,0.7501247691759367
0.8464942451785322,0.2874805723479692,0.5002064439040982,0.4906683950804557,0.6084658691678043
0.5032171183825642,0.6953576298435197,0.5296610889170993,0.49578931203887966,0.5396307776752246
0.4162669907459712,0.7129872877987625,0.7338038831910512,0.7996614388835148,0.3516331205603148
0.5677675512348447,0.7396684779364339,0.5823964690298179,0.6064080724456484,0.5333319809095265
0.6536402686966916,0.45907701272097745,0.4201171694466129,0.4325364707630933,0.4980405871626773
0.5164740115399943,0.5164033079860062,0.6971955311972757,0.3164138130246932,0.25985941314930794
0.4562318132742953,0.44748471224138986,0.5423942967988142,0.5766677502508177,0.7107449458113415
0.28991967175069,0.27418938910588886,0.41294283319708813,0.4320870630332788,0.3108677110559396
0.3899089405049595,0.46754131358055473,0.43141229516548807,0.7274126581378763,0.35568700556625055
0.17543607048889465,0.2773966485767718,0.21939032046885787,0.42913281993514785,0.26283430598689494
0.2237605759169219,0.44706291313954594,0.3202920305036763,0.4678572934477513,0.20258959199110138
0.5349367580058019,-0.009742946021360943,0.5806629581102848,0.4402443047988459,0.2794878381837371
0.5439787534607392,0.42572956425504693,0.4744034332347127,0.5727085915983725,0.3973562538030564
0.2971983391460088,0.5705007983581407,0.6487877474186653,0.12899460666901197,0.39014982874617055
0.40043785984938707,0.24676698812353748,0.494971878629477,0.7299414863510878,0.3418326875669372
0.6748990049158848,0.31913317555900744,0.18349559095462853,0.39555141671867433,0.4461277101512602
0.5843377279109536,0.6621933497920337,0.288850664441749,0.12150049352653847,0.5520641394797864
0.634010213067551,0.8129964043842386,0.7708581627896274,0.626385873556404,0.5154102266203746
0.8382611942068905,0.7726970100597768,0.6762975236004075,0.7570746020271597,0.7510628729472523
1.0699782281183958,0.9909531311353681,0.4725750697079001,0.9543317728417531,1.1029468332554422
1.542534431300693,0.7232939236354735,1.4209033122782146,1.0221154202777658,1.4943224822709835
1.439542323483889,1.6464284915265834,1.5354422498871472,1.4557565470984728,1.5309858024630123
1.7839134811077488,1.4603867269030324,1.5016488805614572,1.48003094125101,1.5153400053983619
1.8726450539310644,1.9413987088942382,1.8156890044169338,1.788094384668053,1.756203284201543
1.834660785814578,1.927126755071296,2.007648289030117,1.8106192429713979,1.7281874581158476
1.9492876940674027,2.1691938868426575,2.057911863670937,1.9140806615651338,2.045750760101784
2.2585627513635247,2.1908128915968,2.554097030699885,2.4824240848011367,2.3035721323742884
2.4729724533808146,2.2667174443906104,2.5667482606499856,2.2685650243923403,2.3754278774212763
2.4031026458586546,2.678791253891787,2.5032334533600773,2.442349928043547,2.5068314163047045
2.5373652525248716,2.622160182288889,2.579851970805077,2.633273351277861,2.517887047817145
2.6269419282687236,2.9939367473786658,2.8680127870172667,2.7529217575443856,2.6938225379230065
2.772019233336878,2.57028413433053,2.8971722416945314,2.719156724289031,2.8648504611541634
2.741108629773724,3.0562457672741017,2.7917717899512624,2.738475851935168,2.788172751738002
2.7114252602248547,2.5332916048955596,2.656582593921664,2.389511822252807,2.844539744751839
2.6029934660153864,2.69038421810918,2.8875300703182023,2.879250772033129,3.0745359684756197
2.5225354668584403,2.802621493565615,2.9664635366787286,2.475353460688977,2.7393260466167995
2.7644732785375505,2.6375885331548075,2.5367546897016684,2.525961374052798,2.731787138752569
2.50654071552716,2.80604276602456,2.420868646080575,2.6068674141462527,2.5981492653724683
2.593317520702244,2.4640789635583285,2.5689383841361,2.316900219887949,2.6132576613927183
2.0761662054190126,2.5028178379306874,2.313287605945234,2.206141516648195,2.3247880653447295
2.0494692671756285,2.1532628324321794,2.038101921575752,2.1378481040411987,2.0946308794589132
1.8713850014623477,1.8888776454315397,1.9411790354954466,1.7741419787635617,2.0625071849731254
1.558586373188247,1.7423724441148027,1.6742577829969554,1.6210599880641403,1.7699020686473688
1.353216273893746,1.2901683455758488,0.9266159003066463,1.2283074903102464,1.2322515467077646
0.9972726480856431,1.1261620795173852,1.4439166817188915,1.101676144769618,0.8854579943005079
1.0856660139504535,0.7489239664770472,1.2583758654599637,0.9073892438849933,0.8182313011523326
0.6266416521353373,0.7218552383532414,0.5257231998971316,0.5086988552898519,0.7609366512816197
0.46899782249295896,0.5434588016312385,0.6150676432629796,0.5808312183734846,0.9045770199855494
0.5669709071731722,0.3116075254290265,0.4037916402374502,0.7945281111664486,0.4349083659947428
0.41716433363427063,0.4842918178719069,0.6370289938333161,0.519840704052784,0.4710880638653908
0.4548462717588523,0.6089222360126971,0.21713829603918344,0.6122364069973777,0.6299907054349425
0.6024180195918798,0.7115618417668259,0.5166664356934385,0.5352456714406698,0.9258647995772088
0.556532648735121,0.7250346538114191,0.7053099544958069,0.8045297939109726,0.25526482269381146
0.6567942477785923,0.7956529113775079,0.546461032627218,0.3631553839284357,0.403061600462134
0.6921792167631522,0.7225548162622646,0.5847828661968678,0.5631728523538269,0.5374834529699396
0.15239000616608056,0.5671520799953467,0.6153722891999023,0.6650459673849933,0.5537337324866918
0.5595566479692621,0.5956055633805923,0.4150079029858924,0.3973186429811637,0.3266958245105749
0.2249032936165043,0.280776824649434,0.37723898337092454,0.3002156469740034,0.3425524009567299
0.6286233966807803,0.5490227747926858,0.29408604641142966,0.33256123153469286,0.3773643968345032
0.30393294447544195,0.27003794936718206,0.38457989682009175,0.20430428788109412,0.3915808483560369
0.5122426137109382,0.3618561211633612,0.3588545163584408,0.2880908346657254,0.4076788647259547
0.13744802601418615,0.3816758274603158,0.4693918690036051,0.08025454310964086,0.5766781975745615
0.5724884184404064,0.025180371039573046,0.3487352410218223,0.0054736082042501355,0.6524160681951853
0.38872467096594554,0.2785835942810344,0.24336083867581104,0.3379723007532438,0.09082979701958238
0.2800169682013516,0.35846765415182313,0.48029672331479933,0.5310701257300046,0.1607628983269389
0.221924270113953,0.40526471790326146,0.35791254510072457,0.32240585795524446,0.47132433610638613
0.6113885441130877,0.2333928281743094,0.31740211968327026,0.174885451500302,0.4317545337991737
0.31377541358060745,0.4772965975558585,0.16203934319823343,0.07449817560952732,0.4595588814470867
0.6132346426505574,0.3724952697369508,0.36959745505352115,0.3847384489508451,0.5233609404663137
0.6840106576889351,0.44852832587963176,0.6318273303932461,0.6230633674300293,0.8471211351722157
0.7408348138595519,0.8585464536698,0.6182679674171967,0.8198481938125485,1.0324899485376193
0.944845247450195,0.7955174312432152,0.8800350860475487,1.004630674099804,0.9429182260229984
1.2818965175471024,0.9399677607050223,1.1193493396690943,1.1238490801384653,1.1656080387693204
1.1857313467088817,1.1680531718533615,1.1590462536365025,1.573066833533465,1.194227632482463
1.7973734719023033,1.6314341972078217,1.7182460314802053,1.4788891035429121,1.7393256084156894
1.7088578995152028,1.7197554270212823,1.779319580433838,1.8218617431417434,1.9653550549909045
1.8032543237521281,1.9857026494733636,1.9207255071966873,1.7915265106189833,2.0124010166648527
2.0547115354558017,1.835630722383035,1.98885136311175,1.9987125326173345,1.9035904777573744
2.3040655949283892,2.0597725197883867,2.273030823999805,2.387194058378331,2.3883198320488743
2.4543017026895826,2.623801352623439,2.5445899267413425,2.521342367068927,2.1836055751264563
2.5275831243575997,2.6330754142095154,2.7213615133018187,2.446550961499736,2.7459505533934223
2.405561216144566,2.4925399690740084,2.5595864062579423,2.6684099645144688,2.6600667625115557
2.6458178472889724,2.8733397534368046,2.734635996259014,2.7488565295682257,2.805752822844334
2.8101615156512563,2.8933487504376267,2.8493829424898434,2.927891366002406,2.5509343095951915
2.637615403102129,2.5722851095482024,2.8354905203046648,2.6231479883048165,2.8840190784323543
2.7266028854299345,2.9661391200964258,2.90024594095508,2.616980491588034,2.7142846586452567
2.6520174768881475,2.7802286901161573,2.6569662994839067,2.8620942129901112,2.476267967151605
2.4380376113671356,2.7577668631672525,2.8427925005361563,2.8921970271288533,2.6768518305937117
2.504723733797852,2.7358548378311887,2.497982827744932,2.637303164029008,2.900287314356123
2.455711596643103,2.654756796823257,2.4031870600804,2.6962462708898167,2.4469956131290687
2.3909076287065716,2.370928605708352,2.4239848178804193,2.483455455299718,2.260023603484688
2.4576014265656,2.3565687902765395,2.454416774659707,2.297701468101552,2.486981986058379
2.3561830070210847,1.890640908782086,2.206617400679961,2.0911601789610668,2.2224707321242505
1.9539685434706207,1.929974369991382,1.6275109479829817,1.8947763934241975,1.9707746428438546
1.4923609749201336,1.7146455020725524,1.6603737135268621,1.49188416647636,1.7653541646867503
1.6084762505368637,1.4342876393054813,1.2416647993824024,1.4968181349181566,1.4358964306005313
1.1540094798374005,1.1115287048859332,1.091364374487815,1.0780212057805654,0.973765116304959
0.7243949904121701,0.86943997123346,0.9950142900083554,0.6554469475049244,0.8680683049604929
0.9341081988808513,0.6927241977576624,0.6965834906537545,0.7033507239104004,0.6735747385629532
0.4597439065836708,0.4815536735989414,0.6054134889064116,0.5447001305596606,0.5754337573206373
0.6007065653711761,0.8075642133658951,0.5778966359813819,0.6408559199183692,0.7513425645966099
0.7145847692145494,0.9013507531738973,0.6347213443981002,0.5384294097803789,0.6252946356254641
0.6116458962876924,0.7330608985311337,0.38219667430193205,0.6661624372923254,0.7725683198859533
0.6348223751308978,0.6096205362875007,0.5663580354251109,0.48035463807982315,0.6521754091909456
0.5611136307371546,0.5506718828376705,0.5678085713165871,0.7017566840757654,0.8196733240417255
0.6079191481670434,0.5426827425587631,0.4651539152824662,0.45174161601892615,0.6417509412822692
0.4580414696636099,0.37289893745330427,0.7920746910411242,0.4912990174918347,0.7120629666110102
0.4864457734109724,0.67266349917,0.22444436888086905,0.5844867345713302,0.6720996603157227
0.8135880179961883,0.46903121742564413,0.4007884508341437,0.5271649289177097,0.4735681179436586
0.4817386818727245,0.6205971296005032,0.4410844037564152,0.358046512487494,0.24671456082400733
0.23233901529884515,0.4776778505620477,0.21638606643788472,0.5530150770800132,0.44015431665475735
0.4129576157285343,0.4516934106082191,0.49547208391515196,0.4559852245360374,0.5539456799280845
0.17310958722250103,0.5189386175807236,0.4968879662474155,0.26141476842636746,0.1771394510412867
0.18514574048141608,0.42978275502488905,0.4044598456139641,0.6180246512349578,0.08928777007290867
0.4404647629124375,0.38663348974611367,0.2783224251927525,0.10732636453344635,0.21688665368097682
0.23094714546134099,0.48876367536592036,0.5309217400754994,0.4752035683803001,0.35582587244729247
0.4873432502925582,0.501359534196045,0.41261677733465263,0.6236054743937822,0.2479696716932971
0.4739640520649272,0.3088492692970679,0.22425561322955678,0.49352353368963586,0.2447798373377188
0.13446005211490308,0.4438067104888398,0.47300971281761617,0.22673081240461634,0.5345373514984673
0.2438612225926846,0.5116131866584358,0.49336469615535994,0.20610826374877744,0.4803445265779791
0.37631099225816145,0.3787772468257511,0.6208731393065892,0.4449928090312444,0.434892591782593
0.8255548786798843,0.6688521644365327,0.626218398393246,0.7125310817925548,0.7815632329724089
0.9042512055968909,0.5873546848310481,0.8225706739158756,0.6893558015272834,0.893512800704252
1.1308016562874839,0.8794060009966334,0.9752896166732625,1.0863246981624881,1.0161388603785144
0.9905375777093325,1.0539277060371302,1.2300438284427826,1.1679703987071413,1.2280178474099186
1.3371621873169912,1.5024434279656278,1.4124701286860653,1.3332423860447105,1.2928856714186177
1.507994618318971,1.6270688048491908,1.525428269765411,1.628695686795626,1.4740666350229845
1.8207395880053172,1.7656248474031482,1.969011276534662,1.9782792639622477,1.6470076271297227
1.7755734317017018,1.5834028534932232,2.10480767045237,1.9213161004714197,1.7002706869218494
1.9797027101457256,2.0349598790621855,1.8712043476477302,2.2155816985448253,1.8366316345676807
2.2091770502099894,2.4075027631540897,2.2714038152636173,2.1652147932471792,1.9859868351654448
2.0234130321616366,2.5287091501072005,2.6179337714447866,2.36646529464388,2.6056497018653566
2.520769351278827,2.4614850040555822,2.555667360715172,2.722259788059212,2.774313618999124
2.810162674831817,2.668461983704581,2.7090982915927846,2.6447609887784838,2.704123158145806
2.563897575923766,2.7344867682233573,2.6820345518146294,2.812460461829521,2.8098459957746678
2.724195763130994,2.6881334735762104,2.5877984461825463,2.767555414057509,2.487188421856213
2.73591813290151,2.7503850149438183,2.825895725975165,2.5126689159103366,2.6763099189943054
2.731460214341672,2.749269131986982,2.566947597524809,2.700762777782737,2.867720649186715
2.46874494009702,2.7187918931284383,2.8392977004778777,2.869417687121219,2.6270543148452843
2.8864163445111535,2.505114943140758,2.5085973932300494,2.8607955600985076,2.6439117145971034
2.7435233757016375,2.6165898904124463,2.7738927446806367,2.7792843922685195,2.4355148227081864
2.524990912300639,2.415593686374203,2.5866245661823584,2.771384700274175,2.4644790603082223
2.4208857612072783,2.645620506590441,2.715948674403392,2.2721481460466117,2.6869787539375847
2.1636758200733883,2.3908327295734946,2.3709253941651864,2.1649278939835757,2.273374839885984
2.1990819943839135,2.3856104642899885,1.8901483589907018,2.248241223251305,2.154632481743191
1.5263273454110697,2.1013137336598455,1.8491926459365633,2.100996672338156,1.8936747299744066
1.5974527792009385,1.5046247151838403,1.4868315898869011,1.8035889899627198,1.5649401446830993
1.2673909997227757,1.541362030167454,1.1229933212027126,1.4375612652074468,1.4300671211671467
1.13658788351055,0.9078421662329301,1.0910165021607918,1.1852481088921716,1.2735166890463097
0.5900754162563512,0.9380749656711149,0.7603532291736773,1.1452264815557445,0.9053720903588756
0.5356908000871605,0.6945510656633548,0.6462398988619308,0.29040059240350846,0.7150307353458688
0.5464574707218351,0.7504468838894142,0.47731734741932386,0.8043938785327771,0.7587842219870747
0.4650935480575854,0.5924449462101858,0.6733766977780635,0.5859224980150126,0.6688318458471989
0.7107878205181622,0.478258060937642,0.30942831003948756,0.5203579893074293,0.6906622425344129
0.6361143452176695,0.6676741654325817,0.5433918105653881,0.3041471810146653,0.551310899757532
0.7151051885081995,0.33818630604480016,0.5746272378293428,0.5427913591596933,0.5071807371003871
0.8423050607499645,0.9227803660525014,0.7376611268966982,0.6229860441976448,0.8110447136193003
0.6162246594909143,0.780683407142586,0.6869984777995479,0.5707520990297478,0.5862493195228309
0.6501214532222549,0.5637984223998704,0.4401866206326973,0.36694471957591246,0.43243751866938984
0.43403510041675664,0.5533147245482091,0.6991136997414699,0.4494748596650511,0.3613861464748762
0.24228463900775,0.41240993881455257,0.2629770711617778,0.48846908558463653,0.517657637996513
0.3203631844414301,0.4000454128815315,0.3821040525100686,0.36468409732360285,0.35949549660060687
0.38562196216595634,0.42043474018029137,0.026095199888142462,0.0930360166723081,0.5508495629344969
0.45557945282327994,0.3722776061558616,0.5817317919196311,0.47533136434080114,0.47116621818500903
0.06376947314915982,0.5560538439709763,0.49279681643433404,0.3005312836082008,0.15493101659136865
0.5998804614142145,0.5613369590625439,0.24835905480394782,0.31537605437719995,0.3081382092975681
0.44335621156994764,0.3589131656712583,0.04879847602783771,0.4434553637857803,0.3705064180406539
0.267473830535627,0.25643391708231156,0.31323931727951315,0.726008051805974,0.3043511641339709
0.41672264460327824,0.5131041801612957,0.2735102540298584,0.48190155839111604,0.26831880601999414
0.2834483454107728,0.28157641333503114,0.3528026710719887,0.35287910065590034,0.5343946861163361
0.3915809419896651,0.3908497198852596,0.17568566329581303,0.1955537224012549,0.6639411401442731
0.5683635681427949,0.5800449907791648,0.1961904933341898,0.44437784171781103,0.4849081059581063
0.36646277129084903,0.6441542865641071,0.4553435983292553,0.23789848050092322,0.5828629717014518
0.5219660978045838,0.7761768424601867,0.43248389427887357,0.4857770650869595,0.40376889622103806
0.7029278171680933,0.7317970105020519,0.6910559084421302,0.8149327291359469,1.0425253735137316
0.689422802239045,0.9573150130546912,0.7864912170860965,0.9757855360806731,0.9666447056283547
1.0746264321088541,1.1049993853608804,1.2069996731576582,1.2108847257771969,1.3322720656517975
1.1937942343342192,1.2782126576598294,1.3440785574976781,1.5966393009498252,1.5216555694343818
1.6625024185924633,1.573307794720599,1.5880354193767592,1.6006205828449886,1.4833023492827446
1.8961824848287194,1.6206487794913154,1.8754860290307547,1.6820047555414093,1.787998210796442
1.7138943615144016,1.8070658018344141,2.068122871738179,2.153114353217311,1.8737657739896
2.1103409354334492,1.9857296512429399,2.207607941368675,2.1849103563182295,2.1826327120369946
2.4294842885114063,2.0832749051652515,2.240015011734633,1.938612696000785,2.1772337261343155
2.3355396304991,2.3968917434006145,2.469873145166349,2.3738114199069167,2.3904302080784943
2.4923844845739156,2.436449854132456,2.9234316007963566,2.8451212800898924,2.63097447122544
2.7983728365028524,2.8061227791043426,3.000256143467603,2.6127048543508335,2.7299064111081677
2.8872577684211906,2.7072876419473593,2.624630828044385,2.6501716220920795,2.863782071542193
2.811830489620556,2.7544631042081393,3.1346414628304755,2.743885213284228,2.712870447123077
3.080095143907565,2.746900227483321,3.0501187944918335,2.747754155863527,2.879159726616284
2.678230384105962,2.7158376418344203,2.8370357204651615,2.8200465867284867,2.491523454176149
2.8812452786050615,2.5990609179802178,2.7880515469166998,2.7907093735044635,2.9126287928993917
2.9457837946298238,2.7703157901340165,2.7582994671881362,2.5729410472657994,3.036241234444012
2.6519420616163187,2.568003953995068,2.5440873862977744,2.89178490030222,2.60344189749717
2.608089077201159,2.312585305236042,2.4560013155892735,2.7110944088338007,2.565170694545767
2.3886368764720043,2.5799584210485387,2.2085016134078717,2.370703463292525,2.336040992781107
2.600627870548026,2.42087382737469,2.3519238022126308,2.352319157839296,2.3817576562665654
2.041631293038301,1.9450807621366235,2.249398902025779,1.9529261228375325,2.0182128038044813
1.8473916582844896,1.9211378320304155,2.224701314361198,1.9833318595352507,1.609086680643003
1.3367047927075402,1.5698930716945791,1.7616359064102323,1.6964159821496543,1.7029003706068013
1.4757505169523966,1.5291455684675301,1.3894985995156184,1.416925014290181,1.6429679587984705
1.415656701546368,1.1801934337864641,0.9228918472788483,1.2245036619135832,1.225769459043091
1.033453129853232,0.7068909315187075,0.7239219207802164,0.7528355982730537,0.8435068174062501
0.8246112311670635,0.5882445112274081,0.8420235311424804,0.6231329641712885,0.6107628757140142
0.8411012033995926,0.5012858666852255,0.750288463648631,0.7221610978559619,0.6427424380955848
0.6598789036190278,0.652953342294,0.6938646445458345,0.741134492136573,0.4650929117099327
0.36776595872313134,0.3159778699056289,0.6059201105642752,0.3236239806406378,0.5472423469245824
0.5291857653213465,0.604613375303405,0.5496457086966388,0.39018206372107034,0.5326655590307117
0.5745853711521062,0.4338163511059584,0.7722317239966873,0.5981587539219526,0.7479864764216518
0.7492853389932488,0.651722560998685,0.4731592336478916,0.4836207061730661,0.4618557801948593
0.5589403075477885,0.4466416399809482,0.4944340906519942,0.39636723038787314,0.7136431179637129
0.4636050307215801,0.5892375099266849,0.7634476380418255,0.27732655944391427,0.7574133811219393
0.6874000314337545,0.5966937548737167,0.43454484447518704,0.77612349876759,0.4691557453617944
0.6788523958004752,0.579660913414186,0.7440175696236069,0.43772242259566374,0.4138624599088855
0.3906808247996584,0.27348246532126175,0.3096263070915195,0.41628871126665645,0.39360317397278743
0.5957179671787531,0.49660706926180287,0.42129875504259995,0.28294581798273644,0.3966567417529757
0.3225070618558239,0.41445620733734234,0.6589960447286107,0.2791115260449193,0.3154508519496262
0.22837617780485808,0.44999690374798607,0.29535160748553557,0.0652978328096081,0.3340281303797177
0.4799709659209408,0.09831521807022514,0.2457177158456818,0.17038790537478454,0.287773537573236
0.1775871142436385,0.2767058762572161,0.1583473150581085,0.38528639959013977,0.1753146552209046
0.2319896042091525,0.42948972772687977,0.16295829095133896,0.1454058205174369,0.39289211537403856
0.4706496809975039,0.39455765752270155,0.4205240422323845,0.3982120767387698,0.3160095774470931
0.5574734813671067,0.5076796787850333,0.7732401200730087,0.4344041255879453,0.5012615473036995
0.5825360684131202,0.44039831089255144,0.6343083791570472,0.4295744008796255,0.2551021632528183
0.30171770102122863,0.2591563146530995,0.5359569870213667,0.49438934569066617,0.4880873695659652
0.499753329974416,0.34566968373150264,0.6391514050822068,0.42791863064199065,0.29525972362933395
0.5950648015232518,0.37814322726093574,0.6810523556164471,0.7444257971221921,0.5150012277105365
0.9146567866658186,1.104956224259389,0.8479880087013267,0.8334212961624541,0.8108435045107854
0.9812449111142543,1.0478339235589225,0.9945773534723567,0.9014354904599547,0.7566367829056106
1.3456113957338376,0.934811483212789,0.9822834912669074,1.0536096721063275,1.2654954604126136
1.29693904805795,1.4083199912437616,1.5455128288113649,1.4273568484520827,1.535531410461279
1.605080630490018,1.602006155204226,1.4106330658023387,1.7002773665166901,1.5847021130761842
1.9223394245249148,1.758192068142445,1.8158845871768219,1.8555195054378586,1.9401579639650912
1.8574115776518496,1.9375631602971737,1.8744979590003437,1.7504249632194906,2.107816955579821
2.0158550675471067,1.7666050666545108,2.0435377089583877,2.0467489499918,2.1948333549199015
2.37902095124025,2.2147858703025594,1.9698493612833556,2.289614312459707,2.2048105752619973
2.468822658256097,2.4104157762408978,2.59732214763106,2.282412917728676,2.4118757267383284
2.6742391535930263,2.528700901066492,2.594070193268313,2.5635246301571053,2.679202342684369
2.801179713171946,2.549346015901384,2.691681208073698,2.54498480188436,2.708852708782709
2.513952561795059,2.816357982881418,2.642196341854338,2.75865430704626,2.747510454721721
2.7306864975403746,2.756469587657079,2.7873446303957037,2.638074866269811,2.8533607768447755
2.6195828051749226,2.8833828575730154,2.7156054083479404,2.718379650787714,2.765489865766786
3.08509439039375,2.702559339668402,2.651587983056813,2.8437170453833738,2.6952592118712926
2.6947861310518344,2.7575977957920017,2.66332800887198,2.804879499720326,2.724862045431874
2.750996586952229,2.7059668467747016,2.751541214434086,2.7669496346151417,2.7666203720820772
2.559357213725489,2.918541702140834,2.550061358055596,2.6564887705019613,2.6836158829331316
2.6132317180212237,2.454154612712634,2.4644480784894456,2.6265719590154406,2.5329792196862986
2.451048527979727,2.5973968237575615,2.3052359995756113,2.319035804532305,2.6658055392914175
2.328810679838801,2.304776898211997,2.3406279515794406,2.4074718003691196,2.306526505732932
1.7538398852061197,2.073682430688512,2.1410802626598713,2.090318621990379,2.359174792025004
1.8889185206178283,1.9436122701684244,2.0148721488603982,1.8472087246324247,1.9610808936140511
1.4491729508741458,1.6064944579686378,1.7095872428588086,1.5934568503183073,1.6548478709127006
1.517913185734813,1.2802836380448432,1.2901101240718476,1.1592431984665714,1.4564441630168308
1.1713970992349105,1.4221956477597595,1.2944183962558788,1.4187983754850044,1.3053746984414394
0.9112572260001102,0.5866973208335675,0.8391715621966747,1.0375123236438624,0.7850314776412153
0.6582293247758505,0.7720501842180207,0.6241406554085807,0.5649255081958214,0.5805411673064889
0.5264520992963526,0.6130576653685209,0.5364158858057891,0.8776860877464185,0.6947419933494524
0.6584020831635881,0.3181394037425195,0.6542433606658644,0.5480792996517996,0.6198920290360942
0.5069097253051079,0.5735417989592198,0.434889543024229,0.7948939165792076,0.4161177296725389
0.9070090134277653,0.49723295334099005,0.33403377981209814,0.8304912514568694,0.5576451520280806
0.49193293387607484,0.29018930671442567,0.6276340098707958,0.6897574632540457,0.6462057969831924
0.9551595188888715,0.39409853840382714,0.5679245343477657,0.7604347867037806,0.7961404908303311
0.6814082873300842,0.5650981652912522,0.5908049360894049,0.7762223886191402,0.7649406839772579
0.5282941166461923,0.35219935169030314,0.413118004977173,0.45883756432749667,0.4113487043644479
0.3935688485633929,0.5469971777905348,0.20276577262304873,0.5153311123999618,0.6902373318891458
0.3841498998561357,0.2875334232892002,0.5622308846718218,0.3917059414405779,0.411971893452054
0.7784235315259659,0.45664935923847316,0.22479313888865926,0.42272387842298653,0.34604920678069573
0.4146348226286386,0.22650951936734387,0.6291412170458838,0.3276143397640544,0.4665591831379413
0.3418484120731059,0.4520801667368123,0.1816714751573394,0.4280957754736322,0.23422859619003478
0.3372463848997024,0.6383981754022681,0.3298469296939075,0.5719716089069998,0.31964759842522883
0.2616480988259242,0.20611489107880843,0.449740966732909,0.6767362572409781,0.31898383449629486
0.45869846227455435,0.2771884024228526,0.13748505020438118,0.2837271251615041,0.4837001397358951
0.48248836230223846,0.4779198197067923,0.5634934852973948,0.23950275281739164,0.18596318382925459
0.6085587907182551,0.5059937645770992,0.3665881927635116,0.21700720799618956,0.18279155583470907
0.5476663464228687,0.3726582089230994,0.5783054622122454,0.28399350214232877,0.6318420568349403
0.2662317609935869,0.4185176730359239,0.5257479983912972,0.3763771059297353,0.4635788853441909
0.8024452263551776,0.496584339497102,0.4515740055553831,0.1526295825046855,0.6235795666281254
0.2309586832723527,0.507675278531153,0.2973492152993601,0.5830786941258276,0.2902519968600923
1.0173446503987744,0.49387066860327944,0.7055097858086229,0.8040843154820714,0.6723974694590987
0.8336094662747993,0.4998462831063286,0.8482714587401705,0.7473382067027372,0.6022422385269179
0.8384494919336771,0.9944443750657652,0.8882272523572938,0.8405889150042427,0.9834443684399279
1.3253438899880967,0.9956009612491697,1.3957351152304753,1.1500229823847765,1.255909579973457
1.5429946013859905,1.6309163817327903,1.453953514687054,1.515395001766816,1.4801500188747054
1.5971710509316634,1.4872213747240148,1.5071787958996454,1.6188119916967634,1.4618154689488798
1.6837593153252346,1.7334539402133413,1.9131937585865262,1.9621714155028305,1.8546021371209649
2.0611248263072475,2.0930807652026893,1.8982511120901568,1.7407687382772936,1.987162597665892
2.052264506908356,2.0793899841208807,2.10393983317372,2.382459676177762,1.9382818152480055
2.334730293253421,2.150250959164716,2.2255987034940317,2.4242349370145826,2.277257639348769
2.7033191638647582,2.3485013730959228,2.535512725033458,2.4153686482097125,2.5291358239800843
2.601704708499872,2.607222236957953,2.365657185531682,2.45051052661011,2.5140235948519214
2.874966326229394,2.679701140200454,2.6937767083936253,2.775436711332957,2.7077769984943263
2.913818375203614,2.785823168460534,2.571476534139022,2.697711872892963,2.985159867353584
2.6000031506688153,2.6077714962142,2.789345542944409,2.881891326577345,2.7479049071834805
2.7125562985758975,2.7762056572825067,2.8853789459539123,2.617583840830385,2.6320510496016194
2.7284065166924707,2.9582933322018317,2.8111261767097586,2.5664830736313027,2.7015878035470893
2.8317687187535663,2.917202280530614,2.923341224845947,2.7746698057997894,2.753677846273932
2.708278438676478,2.7589575758010376,2.537579715714921,2.5555656319688485,2.7157782599573315
2.7018004865873895,2.7306908416447566,2.5483928310301525,3.004601381127002,2.6936705640291723
2.6758460595492872,2.5207708141528125,2.403526946631082,2.5157992699290874,2.7082272982562747
2.4176294341972318,2.274648101996507,2.4334462977725373,2.4498351196484656,2.5850815006019565
2.1423624608432252,2.2432141850146765,2.2744348474581604,2.2231190357213753,2.25715814541241
2.1664640553227237,2.0949681367714716,2.2154967579318408,1.8100456853610511,1.9625618972854766
2.1007052284254373,1.9557030177842623,1.8303896249053018,1.7320795891049596,2.01565191100419
1.6616860483272178,1.5236587620565976,1.464692245554681,1.4407033830116438,1.786475072623338
1.3311730831677029,1.5336846846891827,1.008057404541295,1.6756572560575722,1.3789551800669573
0.8302077891178938,1.053349369032319,1.2186320781059556,0.9684476453826429,1.0916574535522776
1.0666189900717422,0.7251401658707505,0.6697028410734238,0.8388549718604139,1.0449352823554554
0.48679283706442456,0.5769314875341801,0.5721823994227876,0.7264062553209506,0.5550291173031896
0.8429756538251845,0.8442744390572869,0.6849676116613822,0.8337544669876327,0.870197546463487
0.2919869493834224,0.5210173170745466,0.6592437876773439,0.7175327850981598,0.8230310052759978
0.5855493553248925,0.2677576419740051,0.501009329498764,0.6102964694431944,0.8345010604009468
0.3725841944710905,0.4122665851477446,0.7136607839058903,0.31222745579439104,0.6309837278269005
0.4275515891343713,0.46641491514711486,0.8709681513701693,0.43688041870051697,0.46434511626249386
0.6112947066862553,0.4026110659384389,0.43237205418088176,0.7019969824346936,0.6811720064207007
0.5933194694519328,0.5931240632425739,0.6588914774753595,0.4074340044724224,0.382968733080715
0.7051251785186426,0.5909441887070049,0.5459433402133054,0.5349820198716401,0.6876395389167225
0.544011844302294,0.836523192801758,0.5476162128774288,0.3462889522041642,0.47485456981308705
0.5242692286187405,0.23129123043249367,0.4396804948011809,0.48033340560804505,0.46967833985946494
0.31455320037791523,0.7002113752530493,0.5351968505199891,0.2988675135435108,0.24989164834730437
0.3277286446369859,0.4782019726119263,0.3729372046776962,0.495712710438203,0.24981623712469148
0.41422187764061413,0.48589568390501126,0.1814504021754575,0.16580988906888283,0.36765525578405045
0.14321639216953685,0.17031268588795911,0.3034216805367975,0.3802281251773273,0.3630262182213394
0.35892014940657313,0.5414837600950358,0.49265239226409463,0.19832231523980526,0.3313918811791067
0.4397343356915896,0.20779937438660068,0.47453958258840523,0.2398672381869531,0.21843344316340385
0.17802031629628146,0.09649578973134165,0.26141699200602964,0.3989396093845038,0.16536616034962237
0.6162252032811958,0.47357580832755986,0.30306611168919806,0.4448443189701986,0.6328358304566858
0.5242045620426694,0.37814044280548276,0.2757716253732181,0.338432177337213,0.2139537573228978
0.27780503895207764,0.17641464689675668,0.3463249011195698,0.4789087218154615,0.5516264597196906
0.21962555729792244,0.3598853627430145,0.2294775215141589,0.47158028380012196,0.3597737653893225
0.5685096439171428,0.54620269384365,0.43092815649236793,0.16522351683471515,0.3905921295608513
0.7031002688711836,0.9427608881184755,0.7726530563595532,0.5340358108207027,0.8029499278388291
0.7974551733296652,0.8129092804651037,0.59105361168218,0.6007480128496059,0.8188661219496867
1.0833762572891108,0.8956102942835213,1.0249472630004937,1.0267862002924757,0.995094704673993
1.3245526730000878,1.0848365140270182,1.1855682804462844,1.309208508105733,1.3056581522440702
1.328756789533424,1.2939259981859184,1.4164721130513378,1.3261450206221492,1.3288831913308037
1.7045330064020956,1.5541963300933084,1.449123379227641,1.7237804350031851,1.5716547123010653
1.683526902922428,1.5664443266779775,2.018769193086341,1.5947212156924873,1.7228017697284788
1.8676414600284397,1.8222282209448257,1.9788407811634765,2.0459413791850634,1.9498686708119708
2.214278768194907,2.0928923110690265,2.181061713792884,1.8322920281100654,2.1546680996810164
2.1035537217358984,2.1484509604304574,2.123255059138073,2.2202005425778544,2.2992718980528895
2.358684050435794,2.5510854798066713,2.5078884290487196,2.612259050318962,2.4605898484918134
2.717731709711064,2.7095517663967446,2.450189385811843,2.631039598016192,2.61555622332493
2.492071601435951,2.749034326249708,2.731151792467205,2.67122569161465,2.827147441348455
2.9005572677184706,2.6029196949191076,2.751244248938259,2.9381957223121384,2.7283198952062757
2.915782273780784,2.926111456335964,2.747036448446715,2.822638156867914,2.7384590867711047
2.7509541007374443,2.6740594273278724,2.6045929870677424,2.916158428827333,2.945282342199792
2.806970218999644,2.824177844422594,2.635590350409275,2.8671215642487877,2.8781162373625846
2.6944131207452884,2.5701408522471847,2.820334065328186,2.828844495454759,2.9414753906788436
2.6578249486732197,2.609589757926868,2.770116298262067,2.7976334189069956,2.76315681553094
2.843791080002544,2.586652172374207,2.698581060954016,2.6861367430985412,2.6368457548657425
2.5570765125662396,2.5817079099578346,2.560014657275322,2.723808730691306,2.6453418369945667
2.324154360722625,2.5252302991529034,2.7398627967967637,2.5584789045356837,2.4238902525834285
2.11588540672165,2.657605993050015,2.41277582603355,2.303451364287469,2.7692175213545784
2.1007524273344895,1.9779755277659241,2.111772548144198,2.123468077651934,2.2783918621789865
2.033863090975827,1.7344020399741114,1.894655957490664,1.8612027328618308,2.062978035055903
1.6355074095183566,1.7615238977340253,1.5834113639967098,1.8618603744049687,1.6848634094672859
1.536493502343188,1.2098751959809346,1.6153548097449144,1.151013967803934,1.3668420981225455
1.2440116843161064,1.1182796584248411,1.25959657543573,1.2734314622409613,1.2245586184416426
0.9541371826727096,0.837596303869983,0.7489554963486298,0.6972775450966665,0.9431621506221098
0.7991750241904285,0.4419640568265433,0.5970724555654744,0.4548937899588049,0.30643166234368535
0.5356790359762876,0.6027243458258802,0.5802967983812578,0.26448373263423997,0.532340312609196
0.6722272533453815,0.4448562469706887,0.8258185854811981,0.678649577945255,0.4007148302040304
0.6319812772120822,0.38943807623790727,0.5141581471918676,0.7124083089010843,0.6999456235868797
0.5323114394685459,0.3793667736739742,0.6283326258018999,0.5058563206138443,0.6123009962272837
0.7568576038120326,0.5801558827870216,0.5987830753770692,0.5544589892283271,0.6983940539187147
0.7109791841198376,0.5893464291331373,0.5199768939285354,0.6145712224304356,0.6149622878724117
0.5426077596385076,0.7045070377964648,0.6874096081517939,0.6046809127076586,0.6818932080559487
0.4098875509304465,0.7789738917779196,0.5369820243617249,0.37243298893451204,0.6803675137011184
0.47305163749211687,0.5750667738041048,0.4868181112148793,0.6012916070365211,0.4572119110826227
0.25769795764919246,0.5102207426714249,0.5976527761383988,0.6118407411377543,0.4499842662360882
0.5176862905438383,0.327201653302151,0.2521671315027063,0.46577024886600316,0.6663737362922079
0.14794619589230473,0.507208914784442,0.6066817432784037,0.27652668987891116,0.37641477326956374
0.23375429721413088,0.4664968797585546,0.21785278433784572,0.44866300595390374,0.6297051012949365
0.5523386134852257,0.4784461961975268,0.2065869798396267,0.3547363885063919,0.37544006208651237
0.5116363696595148,0.5664783573901988,0.1711154728366846,0.5323104486456636,0.5184581547377242
0.37668937029813254,0.09586365225556337,0.23692071195530207,0.5534291510397304,0.2230211980377017
0.3593515716459409,0.5358354174014508,0.11012659464272367,0.5129563825255922,0.32557190926721136
0.3393709258674078,0.34884046983749784,0.6526008276548397,0.1176440726018535,0.3860325649745139
0.6443524525496611,0.6177039436674614,0.6009523974491847,0.2746840085902298,0.5461979308275096
0.760691791767966,0.29034872090042185,0.5007456009459524,0.5020821108262007,0.28914111729436365
0.4518502909822584,0.4575652604131739,0.30985075274174834,0.3213180415925089,0.5393241861260161
0.311112953373762,0.2765921035264003,0.43003644033113364,0.48362248528204843,0.38621685904913816
0.5162522758923089,0.43547258058811555,0.6260714529958983,0.8485242735024037,0.6736127003809559
0.7471402192584601,0.7340016933093217,0.8135073506662568,0.61419981078819,0.7909935409571553
0.7445434745827473,1.2669185703783519,0.7938646662980468,1.137517375654018,0.5814707643174288
1.1108590031084529,1.1318011251238949,1.1901345208210248,1.2436777427666308,1.0336553922253837
1.4455668325181459,1.3543832743246706,1.4661208179065026,1.5005207085457475,1.2644648104251162
1.477782521909309,1.623060685902147,1.5131795421114203,1.5242133935759636,1.6954357263652242
1.6837290212535174,1.699203790951211,1.7485399978743918,1.8801649609527473,1.944033938638545
1.9459690220681245,1.8873163557703858,1.766358326841101,1.6818617412483226,1.924202352502454
1.8818058774092619,2.048769688875304,2.0099704544576973,2.120159681158847,2.1185843472560464
2.5416939972030965,2.411527729077474,2.38885020120978,2.409157088485348,2.2899883718020133
2.4512191933285363,2.4138705585501428,2.1708533287206304,2.361506524668226,2.382334293309837
2.4814510432629895,2.628000700884683,2.5830417790469076,2.6926636195905416,2.366803394954441
2.589573735154288,2.5796365569625967,2.9086074209453123,2.7405896920064468,2.7082786853790157
2.741073021702773,2.794444038745645,2.81785478804587,2.8775365430465483,2.6380104950567675
2.814357391949163,2.765711626760236,2.8222305499362457,2.7533122439315,2.9353634054864237
2.721791336489894,2.873716449574345,2.6206112409727504,2.8913634003381974,2.867287654915521
2.8641844441635067,2.6526271493566043,2.4937787009063426,2.8689197806745925,2.7806812424806537
2.908695674191871,2.6332253347172445,2.8093160523593124,2.54859938317668,2.646266939555879
2.4616803738959154,2.6994742044382125,2.8060125307773505,2.663021702127688,2.838652888680183
